Business Name,Website
Allure Nail Studio,https://www.beautynailhairsalons.com/
BEARS BAGELS,https://www.bearsbagels.com/
BLACK CAP HOT SAUCE,https://www.blackcaphotsauce.com/
BLACK DOG PIZZERIA,https://blackdogpizzeria.com/
BLACKBIRD KITCHEN,https://blackbirdkitchen614.com/
BOBBY JO'S PIZZA,https://bobbyjospizza.com/
Baked Me Happy,https://www.bakemehappygf.com/
Bite This,https://www.bitethisbyannie.com/
Bleu & Fig,https://www.bleuandfig.com/
CAROLINE'S SANDWICHES,https://www.carolinessandwiches.com/
DAN THE BAKER,https://dan-the-baker.com/
FitFreshFast,https://www.fitfreshfast.com/
HOLY COW SMASH BURGER,https://holysmashburger.com/
JOYA'S/AGNI,https://www.dineatagni.com/
Katalina's,https://www.katalinas.com/
MARLOWS CHEESESTEAKS,https://marlowscheesesteaks.com/
McGinnis Grill,https://www.mcginnisgrill.com/
RAYRAYS HOGPIT,https://rayrayshogpit.com/
SERVICE RELIEF,https://www.servicerelief.org/
THE CHEESECAKE GIRL,https://www.thecheesecakegirl.com/
THE HUNGARIAN BUTCHER,https://www.hungarianbutcher.com/
THREE BITES BAKERY,http://www.threebitesbakery.com/
WARIOS BEEF & PORK,https://warios-beef-and-pork.res-menu.com/
